{
  "lightgbm": {
    "n_estimators": 1295,
    "learning_rate": 0.006999715370174135,
    "num_leaves": 16,
    "max_depth": 6,
    "min_child_samples": 70,
    "feature_fraction": 0.62223776227599,
    "bagging_fraction": 0.8581097948761423,
    "bagging_freq": 3,
    "reg_alpha": 0.0803876300181123,
    "reg_lambda": 1.2020096720240943,
    "objective": "binary",
    "metric": "auc",
    "verbosity": -1,
    "random_state": 42
  },
  "xgboost": {
    "n_estimators": 837,
    "learning_rate": 0.023629303099313537,
    "max_depth": 5,
    "min_child_weight": 7,
    "subsample": 0.9930859869496502,
    "colsample_bytree": 0.5484108709261888,
    "gamma": 1.705795448335927,
    "reg_alpha": 0.00020859028666192543,
    "reg_lambda": 3.7590540912056363,
    "objective": "binary:logistic",
    "eval_metric": "auc",
    "tree_method": "hist",
    "random_state": 42
  },
  "catboost": {
    "iterations": 800,
    "learning_rate": 0.03,
    "depth": 5,
    "l2_leaf_reg": 5.0,
    "random_seed": 42,
    "verbose": 0
  }
}