{
  "single": {
    "lightgbm": 0.932405773597813,
    "xgboost": 0.9322738839876578,
    "catboost": 0.9303018605115907
  },
  "blend_weights": [
    3,
    3,
    1
  ],
  "blend_oof_auc": 0.9324585235149182,
  "cv_auc": {
    "lightgbm": 0.9326006642681092,
    "xgboost": 0.9326346187802189,
    "catboost": null
  }
}